Petras Petravicius,petravicius@fakemail.com,377777777
Jonas Jonavicius,jonavicius@fakemail.com,440000000
Agne Agneviciene,agne@fakemail.com,334444444
Vilma Vilmaviciene,vilmaviciene@fakemail.com,222333333
Asta Astaite,astaite@fakemail.com,888233333
Paulina Pauliniene,pauliniene@fakemail.com,555522222
Rokas Rokis,rokis@fakemail.com,999882222
Jurgis Jurgevicius,jurgevicius@fakemail.com,222222233
Zoja Zojaviciene,zojaviciene@fakemail.com,332422222
Virgilijus Virgelevicius,virgelevicius@fakemail.com,444224222
Domanta Domante,domante@fakemail.com,224422122
Aleksanras Aleksandrvicius,aleksandrvicius@fakemail.com,553322334